blockIdx,trialIdx,scheduledHt,scheduledRwd,spentHt,responseBlockTime,trialEarnings,responseRT,blockTime,
1,1,25,1,25,8.433333333332854,1,8.433333333333334,35.999999999997954,
1,2,22,3,0,46.03333333333093,0,10.033333333333333,46.99999999999765,
1,3,40,3,0,56.41666666666455,0,9.416666666666666,57.999999999997875,
1,4,2,1,0,60.01666666666454,-2,nan,60.01666666666454,
