blockIdx,trialIdx,scheduledHt,scheduledRwd,spentHt,responseBlockTime,trialEarnings,responseRT,blockTime,
1,1,22,1,0,9.749999999991132,0,1.75,10.999999999989996,
1,2,40,3,0,20.266666666648234,0,1.2666666666666666,21.99999999997999,
1,3,2,3,2,31.03333333330511,3,1.0333333333333332,34.99999999996817,
1,4,25,1,0,44.38333333329297,0,1.3833333333333333,45.99999999995816,
